{
    "6404": {
        "name": "Boudry"
    },
    "6407": {
        "name": "Corcelles-Cormondr\u00e8che"
    },
    "6408": {
        "name": "Cortaillod"
    },
    "6412": {
        "name": "Peseux"
    },
    "6413": {
        "name": "Rochefort"
    },
    "6416": {
        "name": "Milvignes"
    },
    "6417": {
        "name": "La Grande B\u00e9roche"
    },
    "6421": {
        "name": "La Chaux-de-Fonds"
    },
    "6422": {
        "name": "Les Planchettes"
    },
    "6423": {
        "name": "La Sagne"
    },
    "6431": {
        "name": "Les Brenets"
    },
    "6432": {
        "name": "La Br\u00e9vine"
    },
    "6433": {
        "name": "Brot-Plamboz"
    },
    "6434": {
        "name": "Le Cerneux-P\u00e9quignot"
    },
    "6435": {
        "name": "La Chaux-du-Milieu"
    },
    "6436": {
        "name": "Le Locle"
    },
    "6437": {
        "name": "Les Ponts-de-Martel"
    },
    "6451": {
        "name": "Cornaux"
    },
    "6452": {
        "name": "Cressier (NE)"
    },
    "6453": {
        "name": "Enges"
    },
    "6454": {
        "name": "Hauterive (NE)"
    },
    "6455": {
        "name": "Le Landeron"
    },
    "6456": {
        "name": "Ligni\u00e8res"
    },
    "6458": {
        "name": "Neuch\u00e2tel"
    },
    "6459": {
        "name": "Saint-Blaise"
    },
    "6461": {
        "name": "La T\u00e8ne"
    },
    "6485": {
        "name": "Valangin"
    },
    "6487": {
        "name": "Val-de-Ruz"
    },
    "6504": {
        "name": "La C\u00f4te-aux-F\u00e9es"
    },
    "6511": {
        "name": "Les Verri\u00e8res"
    },
    "6512": {
        "name": "Val-de-Travers"
    }
}